Workbook

Sheet Truck_Master
A1: Truck_ID | B1: Truck_No | C1: Truck_Type | D1: Length_ft | E1: Width_ft | F1: Height_ft | G1: Max_Weight_kg | H1: Truck_Volume_cuft | I1: Door_Side | J1: Active_Status | K1: Remarks
A2: TRK-14FT-01 | B2: DL01OM1401 | C2: 14 ft Eicher | D2: 14 | E2: 7.2 | F2: 7 | G2: 4500 | H2: =D2*E2*F2 -> 705.6 | I2: Rear | J2: Active | K2: Sample branch truck
A3: TRK-17FT-01 | B3: DL01OM1701 | C3: 17 ft Eicher | D3: 17 | E3: 7.5 | F3: 7.2 | G3: 6500 | H3: =D3*E3*F3 -> 918 | I3: Rear | J3: Active | K3: High volume daily dispatch
A4: TRK-19FT-01 | B4: DL01OM1901 | C4: 19 ft Container | D4: 19 | E4: 7.5 | F4: 7.5 | G4: 7500 | H4: =D4*E4*F4 -> 1068.75 | I4: Rear | J4: Active | K4: Container type
A5: TRK-22FT-01 | B5: DL01OM2201 | C5: 22 ft Container | D5: 22 | E5: 7.8 | F5: 7.8 | G5: 9000 | H5: =D5*E5*F5 -> 1338.48 | I5: Rear | J5: Active | K5: Large outbound load

Sheet Docket_Master
A1: Docket_No | B1: Destination | C1: Item_Type | D1: Length_ft | E1: Width_ft | F1: Height_ft | G1: Actual_Weight_kg | H1: Quantity | I1: Stackable | J1: Fragile | K1: Must_Upright | L1: Total_Weight_kg | M1: Total_Volume_cuft | N1: Remarks
A2: DKT-1001 | B2: Noida | C2: Carton | D2: 2 | E2: 1.5 | F2: 1.4 | G2: 28 | H2: 12 | I2: Yes | J2: No | K2: No | L2: =G2*H2 -> 336 | M2: =D2*E2*F2*H2 -> 50.4 | N2: General carton boxes
A3: DKT-1002 | B3: Noida | C3: Carton | D3: 1.6 | E3: 1.2 | F3: 1.1 | G3: 18 | H3: 18 | I3: Yes | J3: No | K3: No | L3: =G3*H3 -> 324 | M3: =D3*E3*F3*H3 -> 38.016 | N3: Small cartons
A4: DKT-1003 | B4: Ghaziabad | C4: Pallet | D4: 4 | E4: 3.5 | F4: 3.2 | G4: 520 | H4: 1 | I4: No | J4: No | K4: Yes | L4: =G4*H4 -> 520 | M4: =D4*E4*F4*H4 -> 44.8 | N4: Palletized multi-box unit
A5: DKT-1004 | B5: Meerut | C5: Drum | D5: 2.2 | E5: 2.2 | F5: 3.5 | G5: 95 | H5: 4 | I5: No | J5: No | K5: Yes | L5: =G5*H5 -> 380 | M5: =D5*E5*F5*H5 -> 67.76 | N5: Drums; keep upright
A6: DKT-1005 | B6: Noida | C6: Carton | D6: 2.4 | E6: 1.8 | F6: 1.6 | G6: 36 | H6: 10 | I6: Yes | J6: Yes | K6: No | L6: =G6*H6 -> 360 | M6: =D6*E6*F6*H6 -> 69.12 | N6: Fragile cartons
A7: DKT-1006 | B7: Faridabad | C7: Crate | D7: 3.2 | E7: 2.8 | F7: 2.4 | G7: 180 | H7: 2 | I7: No | J7: Yes | K7: Yes | L7: =G7*H7 -> 360 | M7: =D7*E7*F7*H7 -> 43.008 | N7: Fragile crates
A8: DKT-1007 | B8: Gurugram | C8: Carton | D8: 1.8 | E8: 1.5 | F8: 1.2 | G8: 22 | H8: 16 | I8: Yes | J8: No | K8: No | L8: =G8*H8 -> 352 | M8: =D8*E8*F8*H8 -> 51.84 | N8: Regular boxes
A9: DKT-1008 | B9: Delhi | C9: Pallet | D9: 4.2 | E9: 3.6 | F9: 3.4 | G9: 610 | H9: 1 | I9: No | J9: No | K9: Yes | L9: =G9*H9 -> 610 | M9: =D9*E9*F9*H9 -> 51.408 | N9: Heavy pallet
A10: DKT-1009 | B10: Delhi | C10: Carton | D10: 2.1 | E10: 1.6 | F10: 1.5 | G10: 30 | H10: 14 | I10: Yes | J10: No | K10: No | L10: =G10*H10 -> 420 | M10: =D10*E10*F10*H10 -> 70.56 | N10: Medium cartons
A11: DKT-1010 | B11: Ghaziabad | C11: Others | D11: 3 | E11: 2 | F11: 2.8 | G11: 115 | H11: 3 | I11: No | J11: No | K11: Yes | L11: =G11*H11 -> 345 | M11: =D11*E11*F11*H11 -> 50.4 | N11: Irregular item
A12: DKT-1011 | B12: Meerut | C12: Carton | D12: 2.6 | E12: 2 | F12: 1.5 | G12: 42 | H12: 9 | I12: Yes | J12: Yes | K12: No | L12: =G12*H12 -> 378 | M12: =D12*E12*F12*H12 -> 70.2 | N12: Fragile / marked handle with care
A13: DKT-1012 | B13: Noida | C13: Carton | D13: 1.5 | E13: 1.3 | F13: 1 | G13: 16 | H13: 24 | I13: Yes | J13: No | K13: No | L13: =G13*H13 -> 384 | M13: =D13*E13*F13*H13 -> 46.8 | N13: Light cartons
... A16: DKT-1015 | B16: Delhi | C16: Carton | D16: 2 | E16: 1.8 | F16: 1.2 | G16: 24 | H16: 20 | I16: Yes | J16: No | K16: No | L16: =G16*H16 -> 480 | M16: =D16*E16*F16*H16 -> 86.4 | N16: Stackable cartons

Sheet Stage1_Input
A1: Stage 1 Loading Input – Company-Use Prototype
A3: Truck_ID | B3: TRK-17FT-01 | D3: Truck Type | E3: =IFERROR(VLOOKUP($B$3,Truck_Master!$A:$K,3,FALSE),"") -> 17 ft Eicher | F3: Max Weight kg | G3: =IFERROR(VLOOKUP($B$3,Truck_Master!$A:$K,7,FALSE),"") -> 6500 | H3: Truck Volume cu.ft. | I3: =IFERROR(VLOOKUP($B$3,Truck_Master!$A:$K,8,FALSE),"") -> 918
A4: Loading Date | B4: 46196 | D4: Selected Docket Count | E4: =SUMPRODUCT(--($B$10:$B$29<>"")) -> 8 | F4: Total Selected Weight kg | G4: =SUM($N$10:$N$29) -> 3497 | H4: Total Selected Volume cu.ft. | I4: =SUM($O$10:$O$29) -> 439.768
A5: Prepared By | B5: Operations Intern / Manager | D5: Weight Utilization | E5: =IFERROR($G$4/$G$3,0) -> 0.538 | F5: Volume Utilization | G5: =IFERROR($I$4/$I$3,0) -> 0.47905011 | H5: Overall Status | I5: =IF(OR($G$4>$G$3,$I$4>$I$3),"Review Required","Feasible") -> Feasible
A6: Formula note: Weight and volume totals are calculated from extracted docket values. If a docket is missing, Extraction_Status will show 'Missing in Docket_Master'.
A7: User only enters: Docket_No and Unload_Priority. All other fields are auto-extracted from Docket_Master.
A9: Entry_No | B9: Docket_No | C9: Unload_Priority | D9: Destination | E9: Item_Type | F9: Length_ft | G9: Width_ft | H9: Height_ft | I9: Actual_Weight_kg | J9: Quantity | K9: Stackable | L9: Fragile | M9: Upright_Required | N9: Total_Weight_kg | O9: Total_Volume_cuft | P9: Suggested_Loading_Order | Q9: Suggested_Truck_Zone | R9: Basic_Warning | S9: Extraction_Status | T9: Fit_Check | U9: Remarks
A10: 1 | B10: DKT-1003 | C10: 4 | D10: =IFERROR(VLOOKUP($B10,Docket_Master!$A:$N,2,FALSE),"") -> Ghaziabad | E10: =IFERROR(VLOOKUP($B10,Docket_Master!$A:$N,3,FALSE),"") -> Pallet | F10: =IFERROR(VLOOKUP($B10,Docket_Master!$A:$N,4,FALSE),"") -> 4 | G10: =IFERROR(VLOOKUP($B10,Docket_Master!$A:$N,5,FALSE),"") -> 3.5 | H10: =IFERROR(VLOOKUP($B10,Docket_Master!$A:$N,6,FALSE),"") -> 3.2 | I10: =IFERROR(VLOOKUP($B10,Docket_Master!$A:$N,7,FALSE),"") -> 520 | J10: =IFERROR(VLOOKUP($B10,Docket_Master!$A:$N,8,FALSE),"") -> 1 | K10: =IFERROR(VLOOKUP($B10,Docket_Master!$A:$N,9,FALSE),"") -> No | L10: =IFERROR(VLOOKUP($B10,Docket_Master!$A:$N,10,FALSE),"") -> No | M10: =IFERROR(VLOOKUP($B10,Docket_Master!$A:$N,11,FALSE),"") -> Yes | N10: =IFERROR(VLOOKUP($B10,Docket_Master!$A:$N,12,FALSE),"") -> 520 | O10: =IFERROR(VLOOKUP($B10,Docket_Master!$A:$N,13,FALSE),"") -> 44.8 | P10: =IF($B10="","",COUNTIFS($C$10:$C$29,">"&$C10,$B$10:$B$29,"<>")+COUNTIFS($C$10:$C10,$C10,$B$10:$B10,"<>")) -> 2 | Q10: =IF($B10="","",IF($C10=1,"Rear / Near Door",IF($C10=MAX($C$10:$C$29),"Front / Deep Inside","Middle Zone"))) -> Middle Zone | R10: =IF($B10="","",_xludf.TEXTJOIN("; ",TRUE,IF($K10="No","Non-stackable: floor placement",""),IF($L10="Yes","Fragile: avoid stacking",""),IF($M10="Yes","Keep upright",""))) -> #NAME? | S10: =IF($B10="","",IF(COUNTIF(Docket_Master!$A:$A,$B10)>0,"Found","Missing in Docket_Master")) -> Found | T10: =IF($B10="","",IF(OR($N10>$G$3,$O10>$I$3),"Item exceeds truck capacity","OK")) -> OK | U10: =IF($B10="","",IF($C10=1,"Unload first, therefore load last",""))
A11: 2 | B11: DKT-1005 | C11: 1 | D11: =IFERROR(VLOOKUP($B11,Docket_Master!$A:$N,2,FALSE),"") -> Noida | E11: =IFERROR(VLOOKUP($B11,Docket_Master!$A:$N,3,FALSE),"") -> Carton | F11: =IFERROR(VLOOKUP($B11,Docket_Master!$A:$N,4,FALSE),"") -> 2.4 | G11: =IFERROR(VLOOKUP($B11,Docket_Master!$A:$N,5,FALSE),"") -> 1.8 | H11: =IFERROR(VLOOKUP($B11,Docket_Master!$A:$N,6,FALSE),"") -> 1.6 | I11: =IFERROR(VLOOKUP($B11,Docket_Master!$A:$N,7,FALSE),"") -> 36 | J11: =IFERROR(VLOOKUP($B11,Docket_Master!$A:$N,8,FALSE),"") -> 10 | K11: =IFERROR(VLOOKUP($B11,Docket_Master!$A:$N,9,FALSE),"") -> Yes | L11: =IFERROR(VLOOKUP($B11,Docket_Master!$A:$N,10,FALSE),"") -> Yes | M11: =IFERROR(VLOOKUP($B11,Docket_Master!$A:$N,11,FALSE),"") -> No | N11: =IFERROR(VLOOKUP($B11,Docket_Master!$A:$N,12,FALSE),"") -> 360 | O11: =IFERROR(VLOOKUP($B11,Docket_Master!$A:$N,13,FALSE),"") -> 69.12 | P11: =IF($B11="","",COUNTIFS($C$10:$C$29,">"&$C11,$B$10:$B$29,"<>")+COUNTIFS($C$10:$C11,$C11,$B$10:$B11,"<>")) -> 7 | Q11: =IF($B11="","",IF($C11=1,"Rear / Near Door",IF($C11=MAX($C$10:$C$29),"Front / Deep Inside","Middle Zone"))) -> Rear / Near Door | R11: =IF($B11="","",_xludf.TEXTJOIN("; ",TRUE,IF($K11="No","Non-stackable: floor placement",""),IF($L11="Yes","Fragile: avoid stacking",""),IF($M11="Yes","Keep upright",""))) -> #NAME? | S11: =IF($B11="","",IF(COUNTIF(Docket_Master!$A:$A,$B11)>0,"Found","Missing in Docket_Master")) -> Found | T11: =IF($B11="","",IF(OR($N11>$G$3,$O11>$I$3),"Item exceeds truck capacity","OK")) -> OK | U11: =IF($B11="","",IF($C11=1,"Unload first, therefore load last","")) -> Unload first, therefore load last
A12: 3 | B12: DKT-1008 | C12: 5 | D12: =IFERROR(VLOOKUP($B12,Docket_Master!$A:$N,2,FALSE),"") -> Delhi | E12: =IFERROR(VLOOKUP($B12,Docket_Master!$A:$N,3,FALSE),"") -> Pallet | F12: =IFERROR(VLOOKUP($B12,Docket_Master!$A:$N,4,FALSE),"") -> 4.2 | G12: =IFERROR(VLOOKUP($B12,Docket_Master!$A:$N,5,FALSE),"") -> 3.6 | H12: =IFERROR(VLOOKUP($B12,Docket_Master!$A:$N,6,FALSE),"") -> 3.4 | I12: =IFERROR(VLOOKUP($B12,Docket_Master!$A:$N,7,FALSE),"") -> 610 | J12: =IFERROR(VLOOKUP($B12,Docket_Master!$A:$N,8,FALSE),"") -> 1 | K12: =IFERROR(VLOOKUP($B12,Docket_Master!$A:$N,9,FALSE),"") -> No | L12: =IFERROR(VLOOKUP($B12,Docket_Master!$A:$N,10,FALSE),"") -> No | M12: =IFERROR(VLOOKUP($B12,Docket_Master!$A:$N,11,FALSE),"") -> Yes | N12: =IFERROR(VLOOKUP($B12,Docket_Master!$A:$N,12,FALSE),"") -> 610 | O12: =IFERROR(VLOOKUP($B12,Docket_Master!$A:$N,13,FALSE),"") -> 51.408 | P12: =IF($B12="","",COUNTIFS($C$10:$C$29,">"&$C12,$B$10:$B$29,"<>")+COUNTIFS($C$10:$C12,$C12,$B$10:$B12,"<>")) -> 1 | Q12: =IF($B12="","",IF($C12=1,"Rear / Near Door",IF($C12=MAX($C$10:$C$29),"Front / Deep Inside","Middle Zone"))) -> Front / Deep Inside | R12: =IF($B12="","",_xludf.TEXTJOIN("; ",TRUE,IF($K12="No","Non-stackable: floor placement",""),IF($L12="Yes","Fragile: avoid stacking",""),IF($M12="Yes","Keep upright",""))) -> #NAME? | S12: =IF($B12="","",IF(COUNTIF(Docket_Master!$A:$A,$B12)>0,"Found","Missing in Docket_Master")) -> Found | T12: =IF($B12="","",IF(OR($N12>$G$3,$O12>$I$3),"Item exceeds truck capacity","OK")) -> OK | U12: =IF($B12="","",IF($C12=1,"Unload first, therefore load last",""))
A13: 4 | B13: DKT-1009 | C13: 2 | D13: =IFERROR(VLOOKUP($B13,Docket_Master!$A:$N,2,FALSE),"") -> Delhi | E13: =IFERROR(VLOOKUP($B13,Docket_Master!$A:$N,3,FALSE),"") -> Carton | F13: =IFERROR(VLOOKUP($B13,Docket_Master!$A:$N,4,FALSE),"") -> 2.1 | G13: =IFERROR(VLOOKUP($B13,Docket_Master!$A:$N,5,FALSE),"") -> 1.6 | H13: =IFERROR(VLOOKUP($B13,Docket_Master!$A:$N,6,FALSE),"") -> 1.5 | I13: =IFERROR(VLOOKUP($B13,Docket_Master!$A:$N,7,FALSE),"") -> 30 | J13: =IFERROR(VLOOKUP($B13,Docket_Master!$A:$N,8,FALSE),"") -> 14 | K13: =IFERROR(VLOOKUP($B13,Docket_Master!$A:$N,9,FALSE),"") -> Yes | L13: =IFERROR(VLOOKUP($B13,Docket_Master!$A:$N,10,FALSE),"") -> No | M13: =IFERROR(VLOOKUP($B13,Docket_Master!$A:$N,11,FALSE),"") -> No | N13: =IFERROR(VLOOKUP($B13,Docket_Master!$A:$N,12,FALSE),"") -> 420 | O13: =IFERROR(VLOOKUP($B13,Docket_Master!$A:$N,13,FALSE),"") -> 70.56 | P13: =IF($B13="","",COUNTIFS($C$10:$C$29,">"&$C13,$B$10:$B$29,"<>")+COUNTIFS($C$10:$C13,$C13,$B$10:$B13,"<>")) -> 5 | Q13: =IF($B13="","",IF($C13=1,"Rear / Near Door",IF($C13=MAX($C$10:$C$29),"Front / Deep Inside","Middle Zone"))) -> Middle Zone | R13: =IF($B13="","",_xludf.TEXTJOIN("; ",TRUE,IF($K13="No","Non-stackable: floor placement",""),IF($L13="Yes","Fragile: avoid stacking",""),IF($M13="Yes","Keep upright",""))) -> #NAME? | S13: =IF($B13="","",IF(COUNTIF(Docket_Master!$A:$A,$B13)>0,"Found","Missing in Docket_Master")) -> Found | T13: =IF($B13="","",IF(OR($N13>$G$3,$O13>$I$3),"Item exceeds truck capacity","OK")) -> OK | U13: =IF($B13="","",IF($C13=1,"Unload first, therefore load last",""))
A14: 5 | B14: DKT-1010 | C14: 3 | D14: =IFERROR(VLOOKUP($B14,Docket_Master!$A:$N,2,FALSE),"") -> Ghaziabad | E14: =IFERROR(VLOOKUP($B14,Docket_Master!$A:$N,3,FALSE),"") -> Others | F14: =IFERROR(VLOOKUP($B14,Docket_Master!$A:$N,4,FALSE),"") -> 3 | G14: =IFERROR(VLOOKUP($B14,Docket_Master!$A:$N,5,FALSE),"") -> 2 | H14: =IFERROR(VLOOKUP($B14,Docket_Master!$A:$N,6,FALSE),"") -> 2.8 | I14: =IFERROR(VLOOKUP($B14,Docket_Master!$A:$N,7,FALSE),"") -> 115 | J14: =IFERROR(VLOOKUP($B14,Docket_Master!$A:$N,8,FALSE),"") -> 3 | K14: =IFERROR(VLOOKUP($B14,Docket_Master!$A:$N,9,FALSE),"") -> No | L14: =IFERROR(VLOOKUP($B14,Docket_Master!$A:$N,10,FALSE),"") -> No | M14: =IFERROR(VLOOKUP($B14,Docket_Master!$A:$N,11,FALSE),"") -> Yes | N14: =IFERROR(VLOOKUP($B14,Docket_Master!$A:$N,12,FALSE),"") -> 345 | O14: =IFERROR(VLOOKUP($B14,Docket_Master!$A:$N,13,FALSE),"") -> 50.4 | P14: =IF($B14="","",COUNTIFS($C$10:$C$29,">"&$C14,$B$10:$B$29,"<>")+COUNTIFS($C$10:$C14,$C14,$B$10:$B14,"<>")) -> 4 | Q14: =IF($B14="","",IF($C14=1,"Rear / Near Door",IF($C14=MAX($C$10:$C$29),"Front / Deep Inside","Middle Zone"))) -> Middle Zone | R14: =IF($B14="","",_xludf.TEXTJOIN("; ",TRUE,IF($K14="No","Non-stackable: floor placement",""),IF($L14="Yes","Fragile: avoid stacking",""),IF($M14="Yes","Keep upright",""))) -> #NAME? | S14: =IF($B14="","",IF(COUNTIF(Docket_Master!$A:$A,$B14)>0,"Found","Missing in Docket_Master")) -> Found | T14: =IF($B14="","",IF(OR($N14>$G$3,$O14>$I$3),"Item exceeds truck capacity","OK")) -> OK | U14: =IF($B14="","",IF($C14=1,"Unload first, therefore load last",""))
A15: 6 | B15: DKT-1011 | C15: 1 | D15: =IFERROR(VLOOKUP($B15,Docket_Master!$A:$N,2,FALSE),"") -> Meerut | E15: =IFERROR(VLOOKUP($B15,Docket_Master!$A:$N,3,FALSE),"") -> Carton | F15: =IFERROR(VLOOKUP($B15,Docket_Master!$A:$N,4,FALSE),"") -> 2.6 | G15: =IFERROR(VLOOKUP($B15,Docket_Master!$A:$N,5,FALSE),"") -> 2 | H15: =IFERROR(VLOOKUP($B15,Docket_Master!$A:$N,6,FALSE),"") -> 1.5 | I15: =IFERROR(VLOOKUP($B15,Docket_Master!$A:$N,7,FALSE),"") -> 42 | J15: =IFERROR(VLOOKUP($B15,Docket_Master!$A:$N,8,FALSE),"") -> 9 | K15: =IFERROR(VLOOKUP($B15,Docket_Master!$A:$N,9,FALSE),"") -> Yes | L15: =IFERROR(VLOOKUP($B15,Docket_Master!$A:$N,10,FALSE),"") -> Yes | M15: =IFERROR(VLOOKUP($B15,Docket_Master!$A:$N,11,FALSE),"") -> No | N15: =IFERROR(VLOOKUP($B15,Docket_Master!$A:$N,12,FALSE),"") -> 378 | O15: =IFERROR(VLOOKUP($B15,Docket_Master!$A:$N,13,FALSE),"") -> 70.2 | P15: =IF($B15="","",COUNTIFS($C$10:$C$29,">"&$C15,$B$10:$B$29,"<>")+COUNTIFS($C$10:$C15,$C15,$B$10:$B15,"<>")) -> 8 | Q15: =IF($B15="","",IF($C15=1,"Rear / Near Door",IF($C15=MAX($C$10:$C$29),"Front / Deep Inside","Middle Zone"))) -> Rear / Near Door | R15: =IF($B15="","",_xludf.TEXTJOIN("; ",TRUE,IF($K15="No","Non-stackable: floor placement",""),IF($L15="Yes","Fragile: avoid stacking",""),IF($M15="Yes","Keep upright",""))) -> #NAME? | S15: =IF($B15="","",IF(COUNTIF(Docket_Master!$A:$A,$B15)>0,"Found","Missing in Docket_Master")) -> Found | T15: =IF($B15="","",IF(OR($N15>$G$3,$O15>$I$3),"Item exceeds truck capacity","OK")) -> OK | U15: =IF($B15="","",IF($C15=1,"Unload first, therefore load last","")) -> Unload first, therefore load last
A16: 7 | B16: DKT-1014 | C16: 4 | D16: =IFERROR(VLOOKUP($B16,Docket_Master!$A:$N,2,FALSE),"") -> Gurugram | E16: =IFERROR(VLOOKUP($B16,Docket_Master!$A:$N,3,FALSE),"") -> Pallet | F16: =IFERROR(VLOOKUP($B16,Docket_Master!$A:$N,4,FALSE),"") -> 3.8 | G16: =IFERROR(VLOOKUP($B16,Docket_Master!$A:$N,5,FALSE),"") -> 3.2 | H16: =IFERROR(VLOOKUP($B16,Docket_Master!$A:$N,6,FALSE),"") -> 3 | I16: =IFERROR(VLOOKUP($B16,Docket_Master!$A:$N,7,FALSE),"") -> 480 | J16: =IFERROR(VLOOKUP($B16,Docket_Master!$A:$N,8,FALSE),"") -> 1 | K16: =IFERROR(VLOOKUP($B16,Docket_Master!$A:$N,9,FALSE),"") -> No | L16: =IFERROR(VLOOKUP($B16,Docket_Master!$A:$N,10,FALSE),"") -> No | M16: =IFERROR(VLOOKUP($B16,Docket_Master!$A:$N,11,FALSE),"") -> Yes | N16: =IFERROR(VLOOKUP($B16,Docket_Master!$A:$N,12,FALSE),"") -> 480 | O16: =IFERROR(VLOOKUP($B16,Docket_Master!$A:$N,13,FALSE),"") -> 36.48 | P16: =IF($B16="","",COUNTIFS($C$10:$C$29,">"&$C16,$B$10:$B$29,"<>")+COUNTIFS($C$10:$C16,$C16,$B$10:$B16,"<>")) -> 3 | Q16: =IF($B16="","",IF($C16=1,"Rear / Near Door",IF($C16=MAX($C$10:$C$29),"Front / Deep Inside","Middle Zone"))) -> Middle Zone | R16: =IF($B16="","",_xludf.TEXTJOIN("; ",TRUE,IF($K16="No","Non-stackable: floor placement",""),IF($L16="Yes","Fragile: avoid stacking",""),IF($M16="Yes","Keep upright",""))) -> #NAME? | S16: =IF($B16="","",IF(COUNTIF(Docket_Master!$A:$A,$B16)>0,"Found","Missing in Docket_Master")) -> Found | T16: =IF($B16="","",IF(OR($N16>$G$3,$O16>$I$3),"Item exceeds truck capacity","OK")) -> OK | U16: =IF($B16="","",IF($C16=1,"Unload first, therefore load last",""))
A17: 8 | B17: DKT-1012 | C17: 2 | D17: =IFERROR(VLOOKUP($B17,Docket_Master!$A:$N,2,FALSE),"") -> Noida | E17: =IFERROR(VLOOKUP($B17,Docket_Master!$A:$N,3,FALSE),"") -> Carton | F17: =IFERROR(VLOOKUP($B17,Docket_Master!$A:$N,4,FALSE),"") -> 1.5 | G17: =IFERROR(VLOOKUP($B17,Docket_Master!$A:$N,5,FALSE),"") -> 1.3 | H17: =IFERROR(VLOOKUP($B17,Docket_Master!$A:$N,6,FALSE),"") -> 1 | I17: =IFERROR(VLOOKUP($B17,Docket_Master!$A:$N,7,FALSE),"") -> 16 | J17: =IFERROR(VLOOKUP($B17,Docket_Master!$A:$N,8,FALSE),"") -> 24 | K17: =IFERROR(VLOOKUP($B17,Docket_Master!$A:$N,9,FALSE),"") -> Yes | L17: =IFERROR(VLOOKUP($B17,Docket_Master!$A:$N,10,FALSE),"") -> No | M17: =IFERROR(VLOOKUP($B17,Docket_Master!$A:$N,11,FALSE),"") -> No | N17: =IFERROR(VLOOKUP($B17,Docket_Master!$A:$N,12,FALSE),"") -> 384 | O17: =IFERROR(VLOOKUP($B17,Docket_Master!$A:$N,13,FALSE),"") -> 46.8 | P17: =IF($B17="","",COUNTIFS($C$10:$C$29,">"&$C17,$B$10:$B$29,"<>")+COUNTIFS($C$10:$C17,$C17,$B$10:$B17,"<>")) -> 6 | Q17: =IF($B17="","",IF($C17=1,"Rear / Near Door",IF($C17=MAX($C$10:$C$29),"Front / Deep Inside","Middle Zone"))) -> Middle Zone | R17: =IF($B17="","",_xludf.TEXTJOIN("; ",TRUE,IF($K17="No","Non-stackable: floor placement",""),IF($L17="Yes","Fragile: avoid stacking",""),IF($M17="Yes","Keep upright",""))) -> #NAME? | S17: =IF($B17="","",IF(COUNTIF(Docket_Master!$A:$A,$B17)>0,"Found","Missing in Docket_Master")) -> Found | T17: =IF($B17="","",IF(OR($N17>$G$3,$O17>$I$3),"Item exceeds truck capacity","OK")) -> OK | U17: =IF($B17="","",IF($C17=1,"Unload first, therefore load last",""))
A18: 9 | D18: =IFERROR(VLOOKUP($B18,Docket_Master!$A:$N,2,FALSE),"") | E18: =IFERROR(VLOOKUP($B18,Docket_Master!$A:$N,3,FALSE),"") | F18: =IFERROR(VLOOKUP($B18,Docket_Master!$A:$N,4,FALSE),"") | G18: =IFERROR(VLOOKUP($B18,Docket_Master!$A:$N,5,FALSE),"") | H18: =IFERROR(VLOOKUP($B18,Docket_Master!$A:$N,6,FALSE),"") | I18: =IFERROR(VLOOKUP($B18,Docket_Master!$A:$N,7,FALSE),"") | J18: =IFERROR(VLOOKUP($B18,Docket_Master!$A:$N,8,FALSE),"") | K18: =IFERROR(VLOOKUP($B18,Docket_Master!$A:$N,9,FALSE),"") | L18: =IFERROR(VLOOKUP($B18,Docket_Master!$A:$N,10,FALSE),"") | M18: =IFERROR(VLOOKUP($B18,Docket_Master!$A:$N,11,FALSE),"") | N18: =IFERROR(VLOOKUP($B18,Docket_Master!$A:$N,12,FALSE),"") | O18: =IFERROR(VLOOKUP($B18,Docket_Master!$A:$N,13,FALSE),"") | P18: =IF($B18="","",COUNTIFS($C$10:$C$29,">"&$C18,$B$10:$B$29,"<>")+COUNTIFS($C$10:$C18,$C18,$B$10:$B18,"<>")) | Q18: =IF($B18="","",IF($C18=1,"Rear / Near Door",IF($C18=MAX($C$10:$C$29),"Front / Deep Inside","Middle Zone"))) | R18: =IF($B18="","",_xludf.TEXTJOIN("; ",TRUE,IF($K18="No","Non-stackable: floor placement",""),IF($L18="Yes","Fragile: avoid stacking",""),IF($M18="Yes","Keep upright",""))) | S18: =IF($B18="","",IF(COUNTIF(Docket_Master!$A:$A,$B18)>0,"Found","Missing in Docket_Master")) | T18: =IF($B18="","",IF(OR($N18>$G$3,$O18>$I$3),"Item exceeds truck capacity","OK")) | U18: =IF($B18="","",IF($C18=1,"Unload first, therefore load last",""))
A19: 10 | D19: =IFERROR(VLOOKUP($B19,Docket_Master!$A:$N,2,FALSE),"") | E19: =IFERROR(VLOOKUP($B19,Docket_Master!$A:$N,3,FALSE),"") | F19: =IFERROR(VLOOKUP($B19,Docket_Master!$A:$N,4,FALSE),"") | G19: =IFERROR(VLOOKUP($B19,Docket_Master!$A:$N,5,FALSE),"") | H19: =IFERROR(VLOOKUP($B19,Docket_Master!$A:$N,6,FALSE),"") | I19: =IFERROR(VLOOKUP($B19,Docket_Master!$A:$N,7,FALSE),"") | J19: =IFERROR(VLOOKUP($B19,Docket_Master!$A:$N,8,FALSE),"") | K19: =IFERROR(VLOOKUP($B19,Docket_Master!$A:$N,9,FALSE),"") | L19: =IFERROR(VLOOKUP($B19,Docket_Master!$A:$N,10,FALSE),"") | M19: =IFERROR(VLOOKUP($B19,Docket_Master!$A:$N,11,FALSE),"") | N19: =IFERROR(VLOOKUP($B19,Docket_Master!$A:$N,12,FALSE),"") | O19: =IFERROR(VLOOKUP($B19,Docket_Master!$A:$N,13,FALSE),"") | P19: =IF($B19="","",COUNTIFS($C$10:$C$29,">"&$C19,$B$10:$B$29,"<>")+COUNTIFS($C$10:$C19,$C19,$B$10:$B19,"<>")) | Q19: =IF($B19="","",IF($C19=1,"Rear / Near Door",IF($C19=MAX($C$10:$C$29),"Front / Deep Inside","Middle Zone"))) | R19: =IF($B19="","",_xludf.TEXTJOIN("; ",TRUE,IF($K19="No","Non-stackable: floor placement",""),IF($L19="Yes","Fragile: avoid stacking",""),IF($M19="Yes","Keep upright",""))) | S19: =IF($B19="","",IF(COUNTIF(Docket_Master!$A:$A,$B19)>0,"Found","Missing in Docket_Master")) | T19: =IF($B19="","",IF(OR($N19>$G$3,$O19>$I$3),"Item exceeds truck capacity","OK")) | U19: =IF($B19="","",IF($C19=1,"Unload first, therefore load last",""))
A20: 11 | D20: =IFERROR(VLOOKUP($B20,Docket_Master!$A:$N,2,FALSE),"") | E20: =IFERROR(VLOOKUP($B20,Docket_Master!$A:$N,3,FALSE),"") | F20: =IFERROR(VLOOKUP($B20,Docket_Master!$A:$N,4,FALSE),"") | G20: =IFERROR(VLOOKUP($B20,Docket_Master!$A:$N,5,FALSE),"") | H20: =IFERROR(VLOOKUP($B20,Docket_Master!$A:$N,6,FALSE),"") | I20: =IFERROR(VLOOKUP($B20,Docket_Master!$A:$N,7,FALSE),"") | J20: =IFERROR(VLOOKUP($B20,Docket_Master!$A:$N,8,FALSE),"") | K20: =IFERROR(VLOOKUP($B20,Docket_Master!$A:$N,9,FALSE),"") | L20: =IFERROR(VLOOKUP($B20,Docket_Master!$A:$N,10,FALSE),"") | M20: =IFERROR(VLOOKUP($B20,Docket_Master!$A:$N,11,FALSE),"") | N20: =IFERROR(VLOOKUP($B20,Docket_Master!$A:$N,12,FALSE),"") | O20: =IFERROR(VLOOKUP($B20,Docket_Master!$A:$N,13,FALSE),"") | P20: =IF($B20="","",COUNTIFS($C$10:$C$29,">"&$C20,$B$10:$B$29,"<>")+COUNTIFS($C$10:$C20,$C20,$B$10:$B20,"<>")) | Q20: =IF($B20="","",IF($C20=1,"Rear / Near Door",IF($C20=MAX($C$10:$C$29),"Front / Deep Inside","Middle Zone"))) | R20: =IF($B20="","",_xludf.TEXTJOIN("; ",TRUE,IF($K20="No","Non-stackable: floor placement",""),IF($L20="Yes","Fragile: avoid stacking",""),IF($M20="Yes","Keep upright",""))) | S20: =IF($B20="","",IF(COUNTIF(Docket_Master!$A:$A,$B20)>0,"Found","Missing in Docket_Master")) | T20: =IF($B20="","",IF(OR($N20>$G$3,$O20>$I$3),"Item exceeds truck capacity","OK")) | U20: =IF($B20="","",IF($C20=1,"Unload first, therefore load last",""))
A21: 12 | D21: =IFERROR(VLOOKUP($B21,Docket_Master!$A:$N,2,FALSE),"") | E21: =IFERROR(VLOOKUP($B21,Docket_Master!$A:$N,3,FALSE),"") | F21: =IFERROR(VLOOKUP($B21,Docket_Master!$A:$N,4,FALSE),"") | G21: =IFERROR(VLOOKUP($B21,Docket_Master!$A:$N,5,FALSE),"") | H21: =IFERROR(VLOOKUP($B21,Docket_Master!$A:$N,6,FALSE),"") | I21: =IFERROR(VLOOKUP($B21,Docket_Master!$A:$N,7,FALSE),"") | J21: =IFERROR(VLOOKUP($B21,Docket_Master!$A:$N,8,FALSE),"") | K21: =IFERROR(VLOOKUP($B21,Docket_Master!$A:$N,9,FALSE),"") | L21: =IFERROR(VLOOKUP($B21,Docket_Master!$A:$N,10,FALSE),"") | M21: =IFERROR(VLOOKUP($B21,Docket_Master!$A:$N,11,FALSE),"") | N21: =IFERROR(VLOOKUP($B21,Docket_Master!$A:$N,12,FALSE),"") | O21: =IFERROR(VLOOKUP($B21,Docket_Master!$A:$N,13,FALSE),"") | P21: =IF($B21="","",COUNTIFS($C$10:$C$29,">"&$C21,$B$10:$B$29,"<>")+COUNTIFS($C$10:$C21,$C21,$B$10:$B21,"<>")) | Q21: =IF($B21="","",IF($C21=1,"Rear / Near Door",IF($C21=MAX($C$10:$C$29),"Front / Deep Inside","Middle Zone"))) | R21: =IF($B21="","",_xludf.TEXTJOIN("; ",TRUE,IF($K21="No","Non-stackable: floor placement",""),IF($L21="Yes","Fragile: avoid stacking",""),IF($M21="Yes","Keep upright",""))) | S21: =IF($B21="","",IF(COUNTIF(Docket_Master!$A:$A,$B21)>0,"Found","Missing in Docket_Master")) | T21: =IF($B21="","",IF(OR($N21>$G$3,$O21>$I$3),"Item exceeds truck capacity","OK")) | U21: =IF($B21="","",IF($C21=1,"Unload first, therefore load last",""))
A22: 13 | D22: =IFERROR(VLOOKUP($B22,Docket_Master!$A:$N,2,FALSE),"") | E22: =IFERROR(VLOOKUP($B22,Docket_Master!$A:$N,3,FALSE),"") | F22: =IFERROR(VLOOKUP($B22,Docket_Master!$A:$N,4,FALSE),"") | G22: =IFERROR(VLOOKUP($B22,Docket_Master!$A:$N,5,FALSE),"") | H22: =IFERROR(VLOOKUP($B22,Docket_Master!$A:$N,6,FALSE),"") | I22: =IFERROR(VLOOKUP($B22,Docket_Master!$A:$N,7,FALSE),"") | J22: =IFERROR(VLOOKUP($B22,Docket_Master!$A:$N,8,FALSE),"") | K22: =IFERROR(VLOOKUP($B22,Docket_Master!$A:$N,9,FALSE),"") | L22: =IFERROR(VLOOKUP($B22,Docket_Master!$A:$N,10,FALSE),"") | M22: =IFERROR(VLOOKUP($B22,Docket_Master!$A:$N,11,FALSE),"") | N22: =IFERROR(VLOOKUP($B22,Docket_Master!$A:$N,12,FALSE),"") | O22: =IFERROR(VLOOKUP($B22,Docket_Master!$A:$N,13,FALSE),"") | P22: =IF($B22="","",COUNTIFS($C$10:$C$29,">"&$C22,$B$10:$B$29,"<>")+COUNTIFS($C$10:$C22,$C22,$B$10:$B22,"<>")) | Q22: =IF($B22="","",IF($C22=1,"Rear / Near Door",IF($C22=MAX($C$10:$C$29),"Front / Deep Inside","Middle Zone"))) | R22: =IF($B22="","",_xludf.TEXTJOIN("; ",TRUE,IF($K22="No","Non-stackable: floor placement",""),IF($L22="Yes","Fragile: avoid stacking",""),IF($M22="Yes","Keep upright",""))) | S22: =IF($B22="","",IF(COUNTIF(Docket_Master!$A:$A,$B22)>0,"Found","Missing in Docket_Master")) | T22: =IF($B22="","",IF(OR($N22>$G$3,$O22>$I$3),"Item exceeds truck capacity","OK")) | U22: =IF($B22="","",IF($C22=1,"Unload first, therefore load last",""))
A23: 14 | D23: =IFERROR(VLOOKUP($B23,Docket_Master!$A:$N,2,FALSE),"") | E23: =IFERROR(VLOOKUP($B23,Docket_Master!$A:$N,3,FALSE),"") | F23: =IFERROR(VLOOKUP($B23,Docket_Master!$A:$N,4,FALSE),"") | G23: =IFERROR(VLOOKUP($B23,Docket_Master!$A:$N,5,FALSE),"") | H23: =IFERROR(VLOOKUP($B23,Docket_Master!$A:$N,6,FALSE),"") | I23: =IFERROR(VLOOKUP($B23,Docket_Master!$A:$N,7,FALSE),"") | J23: =IFERROR(VLOOKUP($B23,Docket_Master!$A:$N,8,FALSE),"") | K23: =IFERROR(VLOOKUP($B23,Docket_Master!$A:$N,9,FALSE),"") | L23: =IFERROR(VLOOKUP($B23,Docket_Master!$A:$N,10,FALSE),"") | M23: =IFERROR(VLOOKUP($B23,Docket_Master!$A:$N,11,FALSE),"") | N23: =IFERROR(VLOOKUP($B23,Docket_Master!$A:$N,12,FALSE),"") | O23: =IFERROR(VLOOKUP($B23,Docket_Master!$A:$N,13,FALSE),"") | P23: =IF($B23="","",COUNTIFS($C$10:$C$29,">"&$C23,$B$10:$B$29,"<>")+COUNTIFS($C$10:$C23,$C23,$B$10:$B23,"<>")) | Q23: =IF($B23="","",IF($C23=1,"Rear / Near Door",IF($C23=MAX($C$10:$C$29),"Front / Deep Inside","Middle Zone"))) | R23: =IF($B23="","",_xludf.TEXTJOIN("; ",TRUE,IF($K23="No","Non-stackable: floor placement",""),IF($L23="Yes","Fragile: avoid stacking",""),IF($M23="Yes","Keep upright",""))) | S23: =IF($B23="","",IF(COUNTIF(Docket_Master!$A:$A,$B23)>0,"Found","Missing in Docket_Master")) | T23: =IF($B23="","",IF(OR($N23>$G$3,$O23>$I$3),"Item exceeds truck capacity","OK")) | U23: =IF($B23="","",IF($C23=1,"Unload first, therefore load last",""))
A24: 15 | D24: =IFERROR(VLOOKUP($B24,Docket_Master!$A:$N,2,FALSE),"") | E24: =IFERROR(VLOOKUP($B24,Docket_Master!$A:$N,3,FALSE),"") | F24: =IFERROR(VLOOKUP($B24,Docket_Master!$A:$N,4,FALSE),"") | G24: =IFERROR(VLOOKUP($B24,Docket_Master!$A:$N,5,FALSE),"") | H24: =IFERROR(VLOOKUP($B24,Docket_Master!$A:$N,6,FALSE),"") | I24: =IFERROR(VLOOKUP($B24,Docket_Master!$A:$N,7,FALSE),"") | J24: =IFERROR(VLOOKUP($B24,Docket_Master!$A:$N,8,FALSE),"") | K24: =IFERROR(VLOOKUP($B24,Docket_Master!$A:$N,9,FALSE),"") | L24: =IFERROR(VLOOKUP($B24,Docket_Master!$A:$N,10,FALSE),"") | M24: =IFERROR(VLOOKUP($B24,Docket_Master!$A:$N,11,FALSE),"") | N24: =IFERROR(VLOOKUP($B24,Docket_Master!$A:$N,12,FALSE),"") | O24: =IFERROR(VLOOKUP($B24,Docket_Master!$A:$N,13,FALSE),"") | P24: =IF($B24="","",COUNTIFS($C$10:$C$29,">"&$C24,$B$10:$B$29,"<>")+COUNTIFS($C$10:$C24,$C24,$B$10:$B24,"<>")) | Q24: =IF($B24="","",IF($C24=1,"Rear / Near Door",IF($C24=MAX($C$10:$C$29),"Front / Deep Inside","Middle Zone"))) | R24: =IF($B24="","",_xludf.TEXTJOIN("; ",TRUE,IF($K24="No","Non-stackable: floor placement",""),IF($L24="Yes","Fragile: avoid stacking",""),IF($M24="Yes","Keep upright",""))) | S24: =IF($B24="","",IF(COUNTIF(Docket_Master!$A:$A,$B24)>0,"Found","Missing in Docket_Master")) | T24: =IF($B24="","",IF(OR($N24>$G$3,$O24>$I$3),"Item exceeds truck capacity","OK")) | U24: =IF($B24="","",IF($C24=1,"Unload first, therefore load last",""))
A25: 16 | D25: =IFERROR(VLOOKUP($B25,Docket_Master!$A:$N,2,FALSE),"") | E25: =IFERROR(VLOOKUP($B25,Docket_Master!$A:$N,3,FALSE),"") | F25: =IFERROR(VLOOKUP($B25,Docket_Master!$A:$N,4,FALSE),"") | G25: =IFERROR(VLOOKUP($B25,Docket_Master!$A:$N,5,FALSE),"") | H25: =IFERROR(VLOOKUP($B25,Docket_Master!$A:$N,6,FALSE),"") | I25: =IFERROR(VLOOKUP($B25,Docket_Master!$A:$N,7,FALSE),"") | J25: =IFERROR(VLOOKUP($B25,Docket_Master!$A:$N,8,FALSE),"") | K25: =IFERROR(VLOOKUP($B25,Docket_Master!$A:$N,9,FALSE),"") | L25: =IFERROR(VLOOKUP($B25,Docket_Master!$A:$N,10,FALSE),"") | M25: =IFERROR(VLOOKUP($B25,Docket_Master!$A:$N,11,FALSE),"") | N25: =IFERROR(VLOOKUP($B25,Docket_Master!$A:$N,12,FALSE),"") | O25: =IFERROR(VLOOKUP($B25,Docket_Master!$A:$N,13,FALSE),"") | P25: =IF($B25="","",COUNTIFS($C$10:$C$29,">"&$C25,$B$10:$B$29,"<>")+COUNTIFS($C$10:$C25,$C25,$B$10:$B25,"<>")) | Q25: =IF($B25="","",IF($C25=1,"Rear / Near Door",IF($C25=MAX($C$10:$C$29),"Front / Deep Inside","Middle Zone"))) | R25: =IF($B25="","",_xludf.TEXTJOIN("; ",TRUE,IF($K25="No","Non-stackable: floor placement",""),IF($L25="Yes","Fragile: avoid stacking",""),IF($M25="Yes","Keep upright",""))) | S25: =IF($B25="","",IF(COUNTIF(Docket_Master!$A:$A,$B25)>0,"Found","Missing in Docket_Master")) | T25: =IF($B25="","",IF(OR($N25>$G$3,$O25>$I$3),"Item exceeds truck capacity","OK")) | U25: =IF($B25="","",IF($C25=1,"Unload first, therefore load last",""))
A26: 17 | D26: =IFERROR(VLOOKUP($B26,Docket_Master!$A:$N,2,FALSE),"") | E26: =IFERROR(VLOOKUP($B26,Docket_Master!$A:$N,3,FALSE),"") | F26: =IFERROR(VLOOKUP($B26,Docket_Master!$A:$N,4,FALSE),"") | G26: =IFERROR(VLOOKUP($B26,Docket_Master!$A:$N,5,FALSE),"") | H26: =IFERROR(VLOOKUP($B26,Docket_Master!$A:$N,6,FALSE),"") | I26: =IFERROR(VLOOKUP($B26,Docket_Master!$A:$N,7,FALSE),"") | J26: =IFERROR(VLOOKUP($B26,Docket_Master!$A:$N,8,FALSE),"") | K26: =IFERROR(VLOOKUP($B26,Docket_Master!$A:$N,9,FALSE),"") | L26: =IFERROR(VLOOKUP($B26,Docket_Master!$A:$N,10,FALSE),"") | M26: =IFERROR(VLOOKUP($B26,Docket_Master!$A:$N,11,FALSE),"") | N26: =IFERROR(VLOOKUP($B26,Docket_Master!$A:$N,12,FALSE),"") | O26: =IFERROR(VLOOKUP($B26,Docket_Master!$A:$N,13,FALSE),"") | P26: =IF($B26="","",COUNTIFS($C$10:$C$29,">"&$C26,$B$10:$B$29,"<>")+COUNTIFS($C$10:$C26,$C26,$B$10:$B26,"<>")) | Q26: =IF($B26="","",IF($C26=1,"Rear / Near Door",IF($C26=MAX($C$10:$C$29),"Front / Deep Inside","Middle Zone"))) | R26: =IF($B26="","",_xludf.TEXTJOIN("; ",TRUE,IF($K26="No","Non-stackable: floor placement",""),IF($L26="Yes","Fragile: avoid stacking",""),IF($M26="Yes","Keep upright",""))) | S26: =IF($B26="","",IF(COUNTIF(Docket_Master!$A:$A,$B26)>0,"Found","Missing in Docket_Master")) | T26: =IF($B26="","",IF(OR($N26>$G$3,$O26>$I$3),"Item exceeds truck capacity","OK")) | U26: =IF($B26="","",IF($C26=1,"Unload first, therefore load last",""))
A27: 18 | D27: =IFERROR(VLOOKUP($B27,Docket_Master!$A:$N,2,FALSE),"") | E27: =IFERROR(VLOOKUP($B27,Docket_Master!$A:$N,3,FALSE),"") | F27: =IFERROR(VLOOKUP($B27,Docket_Master!$A:$N,4,FALSE),"") | G27: =IFERROR(VLOOKUP($B27,Docket_Master!$A:$N,5,FALSE),"") | H27: =IFERROR(VLOOKUP($B27,Docket_Master!$A:$N,6,FALSE),"") | I27: =IFERROR(VLOOKUP($B27,Docket_Master!$A:$N,7,FALSE),"") | J27: =IFERROR(VLOOKUP($B27,Docket_Master!$A:$N,8,FALSE),"") | K27: =IFERROR(VLOOKUP($B27,Docket_Master!$A:$N,9,FALSE),"") | L27: =IFERROR(VLOOKUP($B27,Docket_Master!$A:$N,10,FALSE),"") | M27: =IFERROR(VLOOKUP($B27,Docket_Master!$A:$N,11,FALSE),"") | N27: =IFERROR(VLOOKUP($B27,Docket_Master!$A:$N,12,FALSE),"") | O27: =IFERROR(VLOOKUP($B27,Docket_Master!$A:$N,13,FALSE),"") | P27: =IF($B27="","",COUNTIFS($C$10:$C$29,">"&$C27,$B$10:$B$29,"<>")+COUNTIFS($C$10:$C27,$C27,$B$10:$B27,"<>")) | Q27: =IF($B27="","",IF($C27=1,"Rear / Near Door",IF($C27=MAX($C$10:$C$29),"Front / Deep Inside","Middle Zone"))) | R27: =IF($B27="","",_xludf.TEXTJOIN("; ",TRUE,IF($K27="No","Non-stackable: floor placement",""),IF($L27="Yes","Fragile: avoid stacking",""),IF($M27="Yes","Keep upright",""))) | S27: =IF($B27="","",IF(COUNTIF(Docket_Master!$A:$A,$B27)>0,"Found","Missing in Docket_Master")) | T27: =IF($B27="","",IF(OR($N27>$G$3,$O27>$I$3),"Item exceeds truck capacity","OK")) | U27: =IF($B27="","",IF($C27=1,"Unload first, therefore load last",""))
A28: 19 | D28: =IFERROR(VLOOKUP($B28,Docket_Master!$A:$N,2,FALSE),"") | E28: =IFERROR(VLOOKUP($B28,Docket_Master!$A:$N,3,FALSE),"") | F28: =IFERROR(VLOOKUP($B28,Docket_Master!$A:$N,4,FALSE),"") | G28: =IFERROR(VLOOKUP($B28,Docket_Master!$A:$N,5,FALSE),"") | H28: =IFERROR(VLOOKUP($B28,Docket_Master!$A:$N,6,FALSE),"") | I28: =IFERROR(VLOOKUP($B28,Docket_Master!$A:$N,7,FALSE),"") | J28: =IFERROR(VLOOKUP($B28,Docket_Master!$A:$N,8,FALSE),"") | K28: =IFERROR(VLOOKUP($B28,Docket_Master!$A:$N,9,FALSE),"") | L28: =IFERROR(VLOOKUP($B28,Docket_Master!$A:$N,10,FALSE),"") | M28: =IFERROR(VLOOKUP($B28,Docket_Master!$A:$N,11,FALSE),"") | N28: =IFERROR(VLOOKUP($B28,Docket_Master!$A:$N,12,FALSE),"") | O28: =IFERROR(VLOOKUP($B28,Docket_Master!$A:$N,13,FALSE),"") | P28: =IF($B28="","",COUNTIFS($C$10:$C$29,">"&$C28,$B$10:$B$29,"<>")+COUNTIFS($C$10:$C28,$C28,$B$10:$B28,"<>")) | Q28: =IF($B28="","",IF($C28=1,"Rear / Near Door",IF($C28=MAX($C$10:$C$29),"Front / Deep Inside","Middle Zone"))) | R28: =IF($B28="","",_xludf.TEXTJOIN("; ",TRUE,IF($K28="No","Non-stackable: floor placement",""),IF($L28="Yes","Fragile: avoid stacking",""),IF($M28="Yes","Keep upright",""))) | S28: =IF($B28="","",IF(COUNTIF(Docket_Master!$A:$A,$B28)>0,"Found","Missing in Docket_Master")) | T28: =IF($B28="","",IF(OR($N28>$G$3,$O28>$I$3),"Item exceeds truck capacity","OK")) | U28: =IF($B28="","",IF($C28=1,"Unload first, therefore load last",""))
A29: 20 | D29: =IFERROR(VLOOKUP($B29,Docket_Master!$A:$N,2,FALSE),"") | E29: =IFERROR(VLOOKUP($B29,Docket_Master!$A:$N,3,FALSE),"") | F29: =IFERROR(VLOOKUP($B29,Docket_Master!$A:$N,4,FALSE),"") | G29: =IFERROR(VLOOKUP($B29,Docket_Master!$A:$N,5,FALSE),"") | H29: =IFERROR(VLOOKUP($B29,Docket_Master!$A:$N,6,FALSE),"") | I29: =IFERROR(VLOOKUP($B29,Docket_Master!$A:$N,7,FALSE),"") | J29: =IFERROR(VLOOKUP($B29,Docket_Master!$A:$N,8,FALSE),"") | K29: =IFERROR(VLOOKUP($B29,Docket_Master!$A:$N,9,FALSE),"") | L29: =IFERROR(VLOOKUP($B29,Docket_Master!$A:$N,10,FALSE),"") | M29: =IFERROR(VLOOKUP($B29,Docket_Master!$A:$N,11,FALSE),"") | N29: =IFERROR(VLOOKUP($B29,Docket_Master!$A:$N,12,FALSE),"") | O29: =IFERROR(VLOOKUP($B29,Docket_Master!$A:$N,13,FALSE),"") | P29: =IF($B29="","",COUNTIFS($C$10:$C$29,">"&$C29,$B$10:$B$29,"<>")+COUNTIFS($C$10:$C29,$C29,$B$10:$B29,"<>")) | Q29: =IF($B29="","",IF($C29=1,"Rear / Near Door",IF($C29=MAX($C$10:$C$29),"Front / Deep Inside","Middle Zone"))) | R29: =IF($B29="","",_xludf.TEXTJOIN("; ",TRUE,IF($K29="No","Non-stackable: floor placement",""),IF($L29="Yes","Fragile: avoid stacking",""),IF($M29="Yes","Keep upright",""))) | S29: =IF($B29="","",IF(COUNTIF(Docket_Master!$A:$A,$B29)>0,"Found","Missing in Docket_Master")) | T29: =IF($B29="","",IF(OR($N29>$G$3,$O29>$I$3),"Item exceeds truck capacity","OK")) | U29: =IF($B29="","",IF($C29=1,"Unload first, therefore load last",""))

Sheet Expected_Output
A1: Expected Output – Sample Loading Plan from Stage1_Input
A3: Loading_Order | B3: Docket_No | C3: Unload_Priority | D3: Destination | E3: Item_Type | F3: Total_Weight_kg | G3: Total_Volume_cuft | H3: Suggested_Zone | I3: Load_Action | J3: Handling_Note | K3: X_Zone | L3: Y_Zone | M3: Z_Level | N3: Explanation
A4: 1 | B4: DKT-1008 | C4: 5 | D4: Delhi | E4: Pallet | F4: 610 | G4: 51.408 | H4: Front / Deep Inside | I4: Load First | J4: Non-stackable: keep on floor; Keep upright | K4: Front | L4: Left/Right Balanced | M4: Floor | N4: Higher unload priority means later unloading; load earlier and place deeper.
A5: 2 | B5: DKT-1003 | C5: 4 | D5: Ghaziabad | E5: Pallet | F5: 520 | G5: 44.8 | H5: Middle Zone | I5: Load Middle | J5: Non-stackable: keep on floor; Keep upright | K5: Middle | L5: Left/Right Balanced | M5: Floor | N5: Middle stop; place in middle zone.
A6: 3 | B6: DKT-1014 | C6: 4 | D6: Gurugram | E6: Pallet | F6: 480 | G6: 36.48 | H6: Middle Zone | I6: Load Middle | J6: Non-stackable: keep on floor; Keep upright | K6: Middle | L6: Left/Right Balanced | M6: Floor | N6: Middle stop; place in middle zone.
A7: 4 | B7: DKT-1010 | C7: 3 | D7: Ghaziabad | E7: Others | F7: 345 | G7: 50.4 | H7: Middle Zone | I7: Load Middle | J7: Non-stackable: keep on floor; Keep upright | K7: Middle | L7: Left/Right Balanced | M7: Floor | N7: Middle stop; place in middle zone.
A8: 5 | B8: DKT-1009 | C8: 2 | D8: Delhi | E8: Carton | F8: 420 | G8: 70.56 | H8: Middle Zone | I8: Load Middle | J8: Standard handling | K8: Middle | L8: Left/Right Balanced | M8: Stackable Level | N8: Middle stop; place in middle zone.
A9: 6 | B9: DKT-1012 | C9: 2 | D9: Noida | E9: Carton | F9: 384 | G9: 46.8 | H9: Middle Zone | I9: Load Middle | J9: Standard handling | K9: Middle | L9: Left/Right Balanced | M9: Stackable Level | N9: Middle stop; place in middle zone.
A10: 7 | B10: DKT-1005 | C10: 1 | D10: Noida | E10: Carton | F10: 360 | G10: 69.12 | H10: Rear / Near Door | I10: Load Last | J10: Fragile: avoid heavy stacking | K10: Rear | L10: Left/Right Balanced | M10: Stackable Level | N10: Unload first; keep accessible near rear door.
A11: 8 | B11: DKT-1011 | C11: 1 | D11: Meerut | E11: Carton | F11: 378 | G11: 70.2 | H11: Rear / Near Door | I11: Load Last | J11: Fragile: avoid heavy stacking | K11: Rear | L11: Left/Right Balanced | M11: Stackable Level | N11: Unload first; keep accessible near rear door.

Sheet Dashboard
A1: Dashboard – Stage 1 Sample Loading Feasibility
A3: Metric | B3: Value | D3: Utilization Metric | E3: Value | G3: Warning Check | H3: Result | J3: Capacity Type | K3: Utilization
A4: Selected Truck | B4: =Stage1_Input!$B$3 -> TRK-17FT-01 | D4: Total Selected Weight kg | E4: =Stage1_Input!$G$4 -> 3497 | G4: Weight Check | H4: =IF(Stage1_Input!$G$4>Stage1_Input!$G$3,"Overweight","OK") -> OK | J4: Weight | K4: =E5 -> 0.538
A5: Truck Type | B5: =Stage1_Input!$E$3 -> 17 ft Eicher | D5: Weight Utilization % | E5: =Stage1_Input!$E$5 -> 0.538 | G5: Volume Check | H5: =IF(Stage1_Input!$I$4>Stage1_Input!$I$3,"Volume Overflow","OK") -> OK | J5: Volume | K5: =E7 -> 0.47905011
A6: Truck Max Weight kg | B6: =Stage1_Input!$G$3 -> 6500 | D6: Total Selected Volume cu.ft. | E6: =Stage1_Input!$I$4 -> 439.768 | G6: Fragile Present | H6: =IF(COUNTIF(Stage1_Input!$L$10:$L$29,"Yes")>0,"Yes","No") -> Yes
A7: Truck Volume cu.ft. | B7: =Stage1_Input!$I$3 -> 918 | D7: Volume Utilization % | E7: =Stage1_Input!$G$5 -> 0.47905011 | G7: Non-stackable Present | H7: =IF(COUNTIF(Stage1_Input!$K$10:$K$29,"No")>0,"Yes","No") -> Yes
A8: Selected Docket Count | B8: =Stage1_Input!$E$4 -> 8 | D8: Unused Volume cu.ft. | E8: =MAX(0,Stage1_Input!$I$3-Stage1_Input!$I$4) -> 478.232
A9: Overall Status | B9: =Stage1_Input!$I$5 -> Feasible
A11: Notes for Stage 1 Testing
A12: This dashboard is formula-driven from Stage1_Input. For the first prototype demo, use this workbook to prove that the tool can extract docket details using Docket_No, calculate weight/volume utilization, generate a suggested loading order, and flag handling constraints before moving to a Streamlit/Python interface.

Sheet Lists
A1: Item_Type | B1: Stackable | C1: Fragile | D1: Upright_Required | E1: Active_Status
A2: Carton | B2: Yes | C2: Yes | D2: Yes | E2: Active
A3: Pallet | B3: No | C3: No | D3: No | E3: Inactive
A4: Drum
A5: Crate
A6: Others
